data,stato,codice_regione,denominazione_regione,codice_provincia,denominazione_provincia,sigla_provincia,lat,long,totale_casi,note,codice_nuts_1,codice_nuts_2,codice_nuts_3,totale_casi_ieri,totale_nuovi_casi
2021-01-21T17:00:00,ITA,13,Abruzzo,69,Chieti,CH,42.35103167,14.16754574,8851,,ITF,ITF1,ITF14,8771,80
2021-01-21T17:00:00,ITA,13,Abruzzo,879,Fuori Regione / Provincia Autonoma,,,,342,,ITF,ITF1,,344,-2
2021-01-21T17:00:00,ITA,13,Abruzzo,979,In fase di definizione/aggiornamento,,,,167,,ITF,ITF1,,171,-4
2021-01-21T17:00:00,ITA,13,Abruzzo,66,L'Aquila,AQ,42.35122196,13.39843823,11839,,ITF,ITF1,ITF11,11808,31
2021-01-21T17:00:00,ITA,13,Abruzzo,68,Pescara,PE,42.46458398,14.21364822,8276,,ITF,ITF1,ITF13,8231,45
2021-01-21T17:00:00,ITA,13,Abruzzo,67,Teramo,TE,42.6589177,13.70439971,10550,,ITF,ITF1,ITF12,10489,61
2021-01-21T17:00:00,ITA,17,Basilicata,880,Fuori Regione / Provincia Autonoma,,,,393,,ITF,ITF5,,391,2
2021-01-21T17:00:00,ITA,17,Basilicata,980,In fase di definizione/aggiornamento,,,,0,,ITF,ITF5,,0,0
2021-01-21T17:00:00,ITA,17,Basilicata,77,Matera,MT,40.66751177,16.59792442,3845,,ITF,ITF5,ITF52,3836,9
2021-01-21T17:00:00,ITA,17,Basilicata,76,Potenza,PZ,40.63947052,15.80514834,8446,,ITF,ITF5,ITF51,8398,48
2021-01-21T17:00:00,ITA,18,Calabria,79,Catanzaro,CZ,38.90597598,16.59440194,4448,,ITF,ITF6,ITF63,4428,20
2021-01-21T17:00:00,ITA,18,Calabria,78,Cosenza,CS,39.29308681,16.25609692,8738,,ITF,ITF6,ITF61,8615,123
2021-01-21T17:00:00,ITA,18,Calabria,101,Crotone,KR,39.08036878,17.12538864,2537,,ITF,ITF6,ITF62,2527,10
2021-01-21T17:00:00,ITA,18,Calabria,882,Fuori Regione / Provincia Autonoma,,,,359,,ITF,ITF6,,359,0
2021-01-21T17:00:00,ITA,18,Calabria,982,In fase di definizione/aggiornamento,,,,0,,ITF,ITF6,,0,0
2021-01-21T17:00:00,ITA,18,Calabria,80,Reggio di Calabria,RC,38.10922769,15.6434527,11454,,ITF,ITF6,ITF65,11366,88
2021-01-21T17:00:00,ITA,18,Calabria,102,Vibo Valentia,VV,38.67624147,16.10157414,2555,,ITF,ITF6,ITF64,2538,17
2021-01-21T17:00:00,ITA,15,Campania,64,Avellino,AV,40.91404699,14.79528803,9510,,ITF,ITF3,ITF34,9457,53
2021-01-21T17:00:00,ITA,15,Campania,62,Benevento,BN,41.12969987,14.78151683,5259,,ITF,ITF3,ITF32,5209,50
2021-01-21T17:00:00,ITA,15,Campania,61,Caserta,CE,41.07465878,14.33240464,37525,,ITF,ITF3,ITF31,37404,121
2021-01-21T17:00:00,ITA,15,Campania,883,Fuori Regione / Provincia Autonoma,,,,0,,ITF,ITF3,,0,0
2021-01-21T17:00:00,ITA,15,Campania,983,In fase di definizione/aggiornamento,,,,693,,ITF,ITF3,,554,139
2021-01-21T17:00:00,ITA,15,Campania,63,Napoli,,40.83956555,14.25084984,127882,,ITF,ITF3,ITF33,127096,786
2021-01-21T17:00:00,ITA,15,Campania,65,Salerno,SA,40.67821961,14.7594026,29828,,ITF,ITF3,ITF35,29762,66
2021-01-21T17:00:00,ITA,8,Emilia-Romagna,37,Bologna,BO,44.49436681,11.3417208,46145,,ITH,ITH5,ITH55,45848,297
2021-01-21T17:00:00,ITA,8,Emilia-Romagna,38,Ferrara,FE,44.83599085,11.61868934,11669,,ITH,ITH5,ITH56,11581,88
2021-01-21T17:00:00,ITA,8,Emilia-Romagna,40,Forl√¨-Cesena,FC,44.22268559,12.04068608,16130,,ITH,ITH5,ITH58,15955,175
2021-01-21T17:00:00,ITA,8,Emilia-Romagna,884,Fuori Regione / Provincia Autonoma,,,,2351,,ITH,ITH5,,2341,10
2021-01-21T17:00:00,ITA,8,Emilia-Romagna,984,In fase di definizione/aggiornamento,,,,1017,,ITH,ITH5,,1014,3
2021-01-21T17:00:00,ITA,8,Emilia-Romagna,36,Modena,MO,44.64600009,10.92615487,36058,,ITH,ITH5,ITH54,35850,208
2021-01-21T17:00:00,ITA,8,Emilia-Romagna,34,Parma,PR,44.80107394,10.32834985,14281,,ITH,ITH5,ITH52,14201,80
2021-01-21T17:00:00,ITA,8,Emilia-Romagna,33,Piacenza,PC,45.05193462,9.692632596,17077,,ITH,ITH5,ITH51,17000,77
2021-01-21T17:00:00,ITA,8,Emilia-Romagna,39,Ravenna,RA,44.41722493,12.19913936,15667,,ITH,ITH5,ITH57,15561,106
2021-01-21T17:00:00,ITA,8,Emilia-Romagna,35,Reggio nell'Emilia,RE,44.69735289,10.63007973,27780,,ITH,ITH5,ITH53,27632,148
2021-01-21T17:00:00,ITA,8,Emilia-Romagna,99,Rimini,RN,44.06090087,12.5656295,18403,,ITH,ITH5,ITH59,18278,125
2021-01-21T17:00:00,ITA,6,Friuli Venezia Giulia,885,Fuori Regione / Provincia Autonoma,,,,779,,ITH,ITH4,,777,2
2021-01-21T17:00:00,ITA,6,Friuli Venezia Giulia,31,Gorizia,GO,45.94149817,13.62212502,7625,,ITH,ITH4,ITH43,7567,58
2021-01-21T17:00:00,ITA,6,Friuli Venezia Giulia,985,In fase di definizione/aggiornamento,,,,0,,ITH,ITH4,,0,0
2021-01-21T17:00:00,ITA,6,Friuli Venezia Giulia,93,Pordenone,PN,45.95443546,12.66002909,13963,,ITH,ITH4,ITH41,13782,181
2021-01-21T17:00:00,ITA,6,Friuli Venezia Giulia,32,Trieste,TS,45.6494354,13.76813649,12778,,ITH,ITH4,ITH44,12672,106
2021-01-21T17:00:00,ITA,6,Friuli Venezia Giulia,30,Udine,UD,46.06255516,13.2348383,27557,,ITH,ITH4,ITH42,27247,310
2021-01-21T17:00:00,ITA,12,Lazio,60,Frosinone,FR,41.63964569,13.35117161,16394,,ITI,ITI4,ITI45,16256,138
2021-01-21T17:00:00,ITA,12,Lazio,886,Fuori Regione / Provincia Autonoma,,,,3865,,ITI,ITI4,,3851,14
2021-01-21T17:00:00,ITA,12,Lazio,986,In fase di definizione/aggiornamento,,,,21,,ITI,ITI4,,21,0
2021-01-21T17:00:00,ITA,12,Lazio,59,Latina,LT,41.46759465,12.90368482,18975,,ITI,ITI4,ITI44,18715,260
2021-01-21T17:00:00,ITA,12,Lazio,57,Rieti,RI,42.40488444,12.86205939,6304,,ITI,ITI4,ITI42,6215,89
2021-01-21T17:00:00,ITA,12,Lazio,58,Roma,RM,41.89277044,12.48366722,138172,,ITI,ITI4,ITI43,137408,764
2021-01-21T17:00:00,ITA,12,Lazio,56,Viterbo,VT,42.4173828,12.10473416,10468,,ITI,ITI4,ITI41,10430,38
2021-01-21T17:00:00,ITA,7,Liguria,887,Fuori Regione / Provincia Autonoma,,,,1270,,ITC,ITC3,,1265,5
2021-01-21T17:00:00,ITA,7,Liguria,10,Genova,GE,44.41149314,8.9326992,37549,,ITC,ITC3,ITC33,37463,86
2021-01-21T17:00:00,ITA,7,Liguria,8,Imperia,IM,43.88570648,8.027850298,7353,,ITC,ITC3,ITC31,7282,71
2021-01-21T17:00:00,ITA,7,Liguria,987,In fase di definizione/aggiornamento,,,,2063,,ITC,ITC3,,2061,2
2021-01-21T17:00:00,ITA,7,Liguria,11,La Spezia,SP,44.10704991,9.8281897,9216,,ITC,ITC3,ITC34,9178,38
2021-01-21T17:00:00,ITA,7,Liguria,9,Savona,SV,44.30750461,8.481108654,9338,,ITC,ITC3,ITC32,9297,41
2021-01-21T17:00:00,ITA,3,Lombardia,16,Bergamo,BG,45.69441368,9.668424528,29972,,ITC,ITC4,ITC46,29866,106
2021-01-21T17:00:00,ITA,3,Lombardia,17,Brescia,BS,45.53993052,10.21910323,48969,,ITC,ITC4,ITC47,48533,436
2021-01-21T17:00:00,ITA,3,Lombardia,13,Como,CO,45.8099912,9.085159546,37502,,ITC,ITC4,ITC42,37300,202
2021-01-21T17:00:00,ITA,3,Lombardia,19,Cremona,CR,45.13336675,10.02420865,15677,,ITC,ITC4,ITC4A,15594,83
2021-01-21T17:00:00,ITA,3,Lombardia,888,Fuori Regione / Provincia Autonoma,,,,6064,,ITC,ITC4,,6015,49
2021-01-21T17:00:00,ITA,3,Lombardia,988,In fase di definizione/aggiornamento,,,,7806,,ITC,ITC4,,7779,27
2021-01-21T17:00:00,ITA,3,Lombardia,97,Lecco,LC,45.85575781,9.393392246,14571,,ITC,ITC4,ITC43,14469,102
2021-01-21T17:00:00,ITA,3,Lombardia,98,Lodi,LO,45.31440693,9.503720769,11515,,ITC,ITC4,ITC49,11453,62
2021-01-21T17:00:00,ITA,3,Lombardia,20,Mantova,MN,45.15726772,10.79277363,19472,,ITC,ITC4,ITC4B,19340,132
2021-01-21T17:00:00,ITA,3,Lombardia,15,Milano,MI,45.46679409,9.190347404,184762,,ITC,ITC4,ITC4C,184218,544
2021-01-21T17:00:00,ITA,3,Lombardia,108,Monza e della Brianza,MB,45.58439043,9.273582472,50657,,ITC,ITC4,ITC4D,50572,85
2021-01-21T17:00:00,ITA,3,Lombardia,18,Pavia,PV,45.18509264,9.160157191,27421,,ITC,ITC4,ITC48,27298,123
2021-01-21T17:00:00,ITA,3,Lombardia,14,Sondrio,SO,46.17099261,9.87147489,9690,,ITC,ITC4,ITC44,9630,60
2021-01-21T17:00:00,ITA,3,Lombardia,12,Varese,VA,45.81701677,8.822868344,56317,,ITC,ITC4,ITC41,56094,223
2021-01-21T17:00:00,ITA,11,Marche,42,Ancona,AN,43.61675973,13.5188753,14643,,ITI,ITI3,ITI32,14493,150
2021-01-21T17:00:00,ITA,11,Marche,44,Ascoli Piceno,AP,42.85322304,13.57691127,5927,,ITI,ITI3,ITI34,5862,65
2021-01-21T17:00:00,ITA,11,Marche,109,Fermo,FM,43.16058534,13.71839535,6070,,ITI,ITI3,ITI35,5995,75
2021-01-21T17:00:00,ITA,11,Marche,889,Fuori Regione / Provincia Autonoma,,,,1883,,ITI,ITI3,,1872,11
2021-01-21T17:00:00,ITA,11,Marche,989,In fase di definizione/aggiornamento,,,,0,,ITI,ITI3,,0,0
2021-01-21T17:00:00,ITA,11,Marche,43,Macerata,MC,43.30023926,13.45307182,10971,,ITI,ITI3,ITI33,10886,85
2021-01-21T17:00:00,ITA,11,Marche,41,Pesaro e Urbino,PU,43.91014021,12.91345989,12050,,ITI,ITI3,ITI31,11936,114
2021-01-21T17:00:00,ITA,14,Molise,70,Campobasso,CB,41.55774754,14.65916051,5150,,ITF,ITF2,ITF22,5130,20
2021-01-21T17:00:00,ITA,14,Molise,890,Fuori Regione / Provincia Autonoma,,,,52,,ITF,ITF2,,52,0
2021-01-21T17:00:00,ITA,14,Molise,990,In fase di definizione/aggiornamento,,,,0,,ITF,ITF2,,0,0
2021-01-21T17:00:00,ITA,14,Molise,94,Isernia,IS,41.58800826,14.22575407,2490,,ITF,ITF2,ITF21,2476,14
2021-01-21T17:00:00,ITA,4,P.A. Bolzano,21,Bolzano,BZ,46.49933453,11.35662422,35127,,ITH,ITH1,ITH10,34561,566
2021-01-21T17:00:00,ITA,4,P.A. Bolzano,881,Fuori Regione / Provincia Autonoma,,,,0,,ITH,ITH1,,0,0
2021-01-21T17:00:00,ITA,4,P.A. Bolzano,981,In fase di definizione/aggiornamento,,,,0,,ITH,ITH1,,0,0
2021-01-21T17:00:00,ITA,4,P.A. Trento,896,Fuori Regione / Provincia Autonoma,,,,0,,ITH,ITH2,,0,0
2021-01-21T17:00:00,ITA,4,P.A. Trento,996,In fase di definizione/aggiornamento,,,,0,,ITH,ITH2,,0,0
2021-01-21T17:00:00,ITA,4,P.A. Trento,22,Trento,TN,46.06893511,11.12123097,25714,,ITH,ITH2,ITH20,25550,164
2021-01-21T17:00:00,ITA,1,Piemonte,6,Alessandria,AL,44.91297351,8.615401155,19062,,ITC,ITC1,ITC18,18995,67
2021-01-21T17:00:00,ITA,1,Piemonte,5,Asti,AT,44.89912921,8.204142547,11080,,ITC,ITC1,ITC17,11062,18
2021-01-21T17:00:00,ITA,1,Piemonte,96,Biella,BI,45.5665112,8.054082167,7357,,ITC,ITC1,ITC13,7317,40
2021-01-21T17:00:00,ITA,1,Piemonte,4,Cuneo,CN,44.39329625,7.551171632,29821,,ITC,ITC1,ITC16,29689,132
2021-01-21T17:00:00,ITA,1,Piemonte,891,Fuori Regione / Provincia Autonoma,,,,1113,,ITC,ITC1,,1111,2
2021-01-21T17:00:00,ITA,1,Piemonte,991,In fase di definizione/aggiornamento,,,,1713,,ITC,ITC1,,1720,-7
2021-01-21T17:00:00,ITA,1,Piemonte,3,Novara,NO,45.44588506,8.621915884,16850,,ITC,ITC1,ITC15,16784,66
2021-01-21T17:00:00,ITA,1,Piemonte,1,Torino,TO,45.0732745,7.680687483,112575,,ITC,ITC1,ITC11,112191,384
2021-01-21T17:00:00,ITA,1,Piemonte,103,Verbano-Cusio-Ossola,VB,45.9214455,8.551078753,7612,,ITC,ITC1,ITC14,7562,50
2021-01-21T17:00:00,ITA,1,Piemonte,2,Vercelli,VC,45.32398135,8.423234312,8095,,ITC,ITC1,ITC12,8086,9
2021-01-21T17:00:00,ITA,16,Puglia,72,Bari,BA,41.12559576,16.86736689,43371,,ITF,ITF4,ITF47,42893,478
2021-01-21T17:00:00,ITA,16,Puglia,110,Barletta-Andria-Trani,BT,41.22705039,16.29520432,12760,,ITF,ITF4,ITF48,12668,92
2021-01-21T17:00:00,ITA,16,Puglia,74,Brindisi,BR,40.63848545,17.94601575,8179,,ITF,ITF4,ITF44,8116,63
2021-01-21T17:00:00,ITA,16,Puglia,71,Foggia,FG,41.46226865,15.54305094,24144,,ITF,ITF4,ITF46,23850,294
2021-01-21T17:00:00,ITA,16,Puglia,892,Fuori Regione / Provincia Autonoma,,,,567,,ITF,ITF4,,563,4
2021-01-21T17:00:00,ITA,16,Puglia,992,In fase di definizione/aggiornamento,,,,103,,ITF,ITF4,,104,-1
2021-01-21T17:00:00,ITA,16,Puglia,75,Lecce,LE,40.35354285,18.1718973,9191,,ITF,ITF4,ITF45,9053,138
2021-01-21T17:00:00,ITA,16,Puglia,73,Taranto,TA,40.47354739,17.23237181,14800,,ITF,ITF4,ITF43,14593,207
2021-01-21T17:00:00,ITA,20,Sardegna,92,Cagliari,CA,39.21531192,9.110616306,8376,allineamento (-21) casi  positivi erroneamente dichiarati due volte nell'arco da ott. a dic. 2020 per un totale di 226 casi dichiarati due volte,ITG,ITG2,ITG2F,8328,48
2021-01-21T17:00:00,ITA,20,Sardegna,893,Fuori Regione / Provincia Autonoma,,,,0,,ITG,ITG2,,0,0
2021-01-21T17:00:00,ITA,20,Sardegna,993,In fase di definizione/aggiornamento,,,,0,,ITG,ITG2,,0,0
2021-01-21T17:00:00,ITA,20,Sardegna,91,Nuoro,NU,40.32318834,9.330296393,7334,,ITG,ITG2,ITG2E,7287,47
2021-01-21T17:00:00,ITA,20,Sardegna,95,Oristano,OR,39.90381075,8.591183151,2954,,ITG,ITG2,ITG2G,2947,7
2021-01-21T17:00:00,ITA,20,Sardegna,90,Sassari,SS,40.72667657,8.559667131,11763,,ITG,ITG2,ITG2D,11655,108
2021-01-21T17:00:00,ITA,20,Sardegna,111,Sud Sardegna,SU,39.16641462,8.526242676,6046,,ITG,ITG2,ITG2H,6018,28
2021-01-21T17:00:00,ITA,19,Sicilia,84,Agrigento,AG,37.30971088,13.5845749,4951,,ITG,ITG1,ITG14,4910,41
2021-01-21T17:00:00,ITA,19,Sicilia,85,Caltanissetta,CL,37.49213171,14.06184973,5673,,ITG,ITG1,ITG15,5569,104
2021-01-21T17:00:00,ITA,19,Sicilia,87,Catania,CT,37.50287803,15.08704691,36014,,ITG,ITG1,ITG17,35766,248
2021-01-21T17:00:00,ITA,19,Sicilia,86,Enna,EN,37.56705701,14.27909375,3957,,ITG,ITG1,ITG16,3922,35
2021-01-21T17:00:00,ITA,19,Sicilia,894,Fuori Regione / Provincia Autonoma,,,,0,,ITG,ITG1,,0,0
2021-01-21T17:00:00,ITA,19,Sicilia,994,In fase di definizione/aggiornamento,,,,0,,ITG,ITG1,,0,0
2021-01-21T17:00:00,ITA,19,Sicilia,83,Messina,ME,38.19395845,15.55572302,16198,,ITG,ITG1,ITG13,16071,127
2021-01-21T17:00:00,ITA,19,Sicilia,82,Palermo,PA,38.11569725,13.3623567,34465,,ITG,ITG1,ITG12,34006,459
2021-01-21T17:00:00,ITA,19,Sicilia,88,Ragusa,RG,36.92509198,14.73069891,7738,,ITG,ITG1,ITG18,7702,36
2021-01-21T17:00:00,ITA,19,Sicilia,89,Siracusa,SR,37.05991687,15.29333182,8488,,ITG,ITG1,ITG19,8420,68
2021-01-21T17:00:00,ITA,19,Sicilia,81,Trapani,TP,38.01850065,12.51365684,8880,,ITG,ITG1,ITG11,8768,112
2021-01-21T17:00:00,ITA,9,Toscana,51,Arezzo,AR,43.46642752,11.88228844,11644,,ITI,ITI1,ITI18,11609,35
2021-01-21T17:00:00,ITA,9,Toscana,48,Firenze,FI,43.76923077,11.25588885,35969,,ITI,ITI1,ITI14,35839,130
2021-01-21T17:00:00,ITA,9,Toscana,895,Fuori Regione / Provincia Autonoma,,,,555,,ITI,ITI1,,555,0
2021-01-21T17:00:00,ITA,9,Toscana,53,Grosseto,GR,42.76026758,11.11356398,4368,,ITI,ITI1,ITI1A,4354,14
2021-01-21T17:00:00,ITA,9,Toscana,995,In fase di definizione/aggiornamento,,,,0,,ITI,ITI1,,0,0
2021-01-21T17:00:00,ITA,9,Toscana,49,Livorno,LI,43.55234873,10.3086781,9814,,ITI,ITI1,ITI16,9738,76
2021-01-21T17:00:00,ITA,9,Toscana,46,Lucca,LU,43.84432283,10.50151366,13395,,ITI,ITI1,ITI12,13370,25
2021-01-21T17:00:00,ITA,9,Toscana,45,Massa Carrara,MS,44.03674425,10.14173829,8155,,ITI,ITI1,ITI11,8107,48
2021-01-21T17:00:00,ITA,9,Toscana,50,Pisa,PI,43.71553206,10.40127259,17668,,ITI,ITI1,ITI17,17627,41
2021-01-21T17:00:00,ITA,9,Toscana,47,Pistoia,PT,43.933465,10.91734146,10991,,ITI,ITI1,ITI13,10934,57
2021-01-21T17:00:00,ITA,9,Toscana,100,Prato,PO,43.88062274,11.09703315,10997,,ITI,ITI1,ITI15,10970,27
2021-01-21T17:00:00,ITA,9,Toscana,52,Siena,SI,43.31816374,11.33190988,5828,,ITI,ITI1,ITI19,5778,50
2021-01-21T17:00:00,ITA,10,Umbria,897,Fuori Regione / Provincia Autonoma,,,,1349,,ITI,ITI2,,1337,12
2021-01-21T17:00:00,ITA,10,Umbria,997,In fase di definizione/aggiornamento,,,,0,,ITI,ITI2,,0,0
2021-01-21T17:00:00,ITA,10,Umbria,54,Perugia,PG,43.10675841,12.38824698,24489,,ITI,ITI2,ITI21,24234,255
2021-01-21T17:00:00,ITA,10,Umbria,55,Terni,TR,42.56071258,12.6466875,7347,,ITI,ITI2,ITI22,7328,19
2021-01-21T17:00:00,ITA,2,Valle d'Aosta,7,Aosta,AO,45.73750286,7.320149366,7424,,ITC,ITC2,ITC20,7426,-2
2021-01-21T17:00:00,ITA,2,Valle d'Aosta,898,Fuori Regione / Provincia Autonoma,,,,263,,ITC,ITC2,,263,0
2021-01-21T17:00:00,ITA,2,Valle d'Aosta,998,In fase di definizione/aggiornamento,,,,9,,ITC,ITC2,,9,0
2021-01-21T17:00:00,ITA,5,Veneto,25,Belluno,BL,46.13837528,12.21704167,16813,,ITH,ITH3,ITH33,16775,38
2021-01-21T17:00:00,ITA,5,Veneto,899,Fuori Regione / Provincia Autonoma,,,,4026,,ITH,ITH3,,4025,1
2021-01-21T17:00:00,ITA,5,Veneto,999,In fase di definizione/aggiornamento,,,,601,,ITH,ITH3,,591,10
2021-01-21T17:00:00,ITA,5,Veneto,28,Padova,PD,45.40692987,11.87608718,55408,,ITH,ITH3,ITH36,55141,267
2021-01-21T17:00:00,ITA,5,Veneto,29,Rovigo,RO,45.07107289,11.79007,9286,,ITH,ITH3,ITH37,9262,24
2021-01-21T17:00:00,ITA,5,Veneto,26,Treviso,TV,45.66754571,12.24507363,59506,,ITH,ITH3,ITH34,59414,92
2021-01-21T17:00:00,ITA,5,Veneto,27,Venezia,VE,45.43490485,12.33845213,48167,,ITH,ITH3,ITH35,47954,213
2021-01-21T17:00:00,ITA,5,Veneto,23,Verona,VR,45.43839046,10.99352685,58862,,ITH,ITH3,ITH31,58643,219
2021-01-21T17:00:00,ITA,5,Veneto,24,Vicenza,VI,45.547497,11.54597109,49820,,ITH,ITH3,ITH32,49681,139
